[{
        "year": "2019",
        "data": [
            [0.5, 0.5],
            [0.7, 0.8],
            [0.4, 0.9],
            [0.11, 0.32],
            [0.88, 0.25],
            [0.75, 0.24],
            [0.5, 0.1],
            [0.2, 0.3],
            [0.4, 0.1],
            [0.6, 0.8]
        ]
    },
    {
        "year": "2020",
        "data": [
            [0.9, 0.5],
            [0.7, 0.5],
            [0.5, 0.9],
            [0.11, 0.40],
            [0.60, 0.25],
            [0.75, 0.12],
            [0.7, 0.2],
            [0.4, 0.6],
            [0.7, 0.3],
            [0.8, 0.11]
        ]
    },
    {
        "year": "2021",
        "data": [
            [0.6, 0.7],
            [0.9, 0.6],
            [0.3, 0.9],
            [0.2, 0.38],
            [0.66, 0.36],
            [0.82, 0.23],
            [0.71, 0.23],
            [0.42, 0.61],
            [0.75, 0.35],
            [0.83, 0.12]
        ]
    }
]